{"mean": [0.6715541128448341, 0.6828183669218406, 0.7162720562832308], "std": [0.3859278613200568, 0.37761173737283826, 0.35563529716708525]}